Длина волны;1 к 1;1 к 2;1 к 3;1 к 4;1 к 5;латекс;канифоль
300;0.756;0.58757;0.48495;0.41573;0.36705;2.96269;1.85005
301;0.74284;0.57729;0.47737;0.40843;0.36136;2.75078;1.8387
302;0.73215;0.56924;0.47087;0.40192;0.35547;2.69983;1.83229
303;0.72263;0.56012;0.46291;0.39667;0.3506;2.69258;1.80418
304;0.71165;0.55179;0.45514;0.39014;0.34563;2.69505;1.78548
305;0.70226;0.54462;0.44868;0.38527;0.34117;2.85612;1.78673
306;0.69118;0.53665;0.44241;0.37933;0.33647;2.86008;1.76245
307;0.68352;0.52867;0.43655;0.37407;0.33208;3.06433;1.73793
308;0.67532;0.52243;0.42967;0.37047;0.32825;2.65829;1.73543
309;0.66663;0.5164;0.42502;0.36533;0.3243;2.77692;1.70604
310;0.65863;0.50905;0.4193;0.3607;0.32074;3.03198;1.68901
311;0.64967;0.5031;0.41454;0.35712;0.31686;2.78934;1.69066
312;0.64378;0.49698;0.40869;0.35272;0.3131;2.85716;1.66875
313;0.63528;0.49063;0.4044;0.34843;0.30945;2.75929;1.64926
314;0.627;0.48399;0.39886;0.34438;0.30525;2.6301;1.65022
315;0.61967;0.47627;0.3932;0.33859;0.30147;2.61407;1.62057
316;0.61113;0.47063;0.38834;0.33395;0.29803;2.67065;1.60202
317;0.60298;0.4655;0.38344;0.33105;0.29362;2.60831;1.58907
318;0.59662;0.45808;0.37781;0.32512;0.29042;2.68414;1.571
319;0.58913;0.4529;0.37334;0.3217;0.2863;2.66727;1.55624
320;0.58252;0.44661;0.3681;0.3159;0.28271;2.79402;1.53214
321;0.57498;0.44093;0.36227;0.31166;0.27887;2.8026;1.52458
322;0.56749;0.43497;0.35675;0.30804;0.27507;2.78911;1.52361
323;0.55994;0.42973;0.3526;0.30338;0.27116;2.4976;1.49515
324;0.55295;0.42451;0.34825;0.30031;0.26755;2.63353;1.47835
325;0.5451;0.41861;0.34308;0.29631;0.26416;2.60274;1.45554
326;0.54089;0.4128;0.33809;0.2917;0.26077;2.69748;1.46062
327;0.53281;0.40762;0.33366;0.28827;0.25769;2.60228;1.44189
328;0.5265;0.40181;0.33038;0.28485;0.25378;2.57458;1.4308
329;0.51917;0.39651;0.32524;0.28116;0.25049;2.4861;1.41425
330;0.51393;0.39117;0.32104;0.27664;0.24742;2.55194;1.40324
331;0.50714;0.38661;0.31604;0.27237;0.24342;2.55452;1.38991
332;0.50128;0.38062;0.31168;0.26906;0.23979;2.62086;1.37431
333;0.49548;0.37595;0.30771;0.26457;0.23624;2.51611;1.36311
334;0.48923;0.37039;0.30334;0.26064;0.23251;2.54846;1.34714
335;0.48257;0.36539;0.29785;0.25723;0.22914;2.44467;1.3371
336;0.47626;0.36021;0.29414;0.2538;0.22711;2.43568;1.32475
337;0.47014;0.35551;0.29016;0.24962;0.22371;2.46156;1.30171
338;0.46613;0.35103;0.28532;0.24683;0.22041;2.41672;1.29514
339;0.45865;0.34666;0.28256;0.24332;0.2178;2.3812;1.28438
340;0.45358;0.34068;0.27776;0.23932;0.21391;2.38234;1.27676
341;0.44952;0.33772;0.27473;0.23715;0.21185;2.37444;1.26198
342;0.44333;0.33424;0.27214;0.23445;0.20886;2.37447;1.25632
343;0.43932;0.33058;0.26833;0.23105;0.20665;2.29196;1.24174
344;0.4346;0.32626;0.26532;0.22734;0.20392;2.33383;1.23599
345;0.43062;0.32191;0.26201;0.22519;0.20163;2.28999;1.22321
346;0.42545;0.31892;0.25931;0.22296;0.19885;2.31538;1.21014
347;0.41949;0.31483;0.25525;0.22;0.19604;2.35062;1.20412
348;0.41457;0.31062;0.25273;0.21632;0.19411;2.22432;1.19107
349;0.41145;0.30646;0.24905;0.21358;0.19197;2.241;1.18393
350;0.40674;0.30307;0.2467;0.21138;0.18889;2.22061;1.174
351;0.40164;0.29915;0.24289;0.20949;0.18732;2.21309;1.16356
352;0.39769;0.2964;0.24132;0.20644;0.18549;2.2092;1.15178
353;0.39372;0.29268;0.23755;0.20453;0.18242;2.14388;1.14096
354;0.38898;0.28999;0.23499;0.20215;0.1805;2.15179;1.12976
355;0.38525;0.28647;0.2318;0.19939;0.17787;2.11049;1.12321
356;0.38091;0.28275;0.23;0.1964;0.17619;2.14041;1.11771
357;0.37791;0.27974;0.22659;0.19446;0.17366;2.16066;1.11082
358;0.37299;0.2775;0.22392;0.19289;0.17137;2.06805;1.09596
359;0.3685;0.2724;0.22124;0.19014;0.17;2.052;1.09451
360;0.36598;0.27017;0.21875;0.18787;0.16795;2.03154;1.08362
361;0.36266;0.2679;0.21581;0.18593;0.16661;1.99878;1.07774
362;0.35716;0.26514;0.2131;0.18315;0.16441;2.01932;1.07077
363;0.35349;0.26146;0.21024;0.18172;0.16257;1.99251;1.05276
364;0.34987;0.258;0.20805;0.17941;0.16032;1.99178;1.04504
365;0.34595;0.25513;0.20563;0.17625;0.15753;1.95123;1.03076
366;0.34186;0.25212;0.20352;0.17432;0.1559;1.91968;1.02243
367;0.33855;0.24951;0.20073;0.17189;0.15446;1.92447;1.01347
368;0.33527;0.24707;0.19814;0.17017;0.15222;1.90715;1.00571
369;0.33177;0.24422;0.19638;0.1682;0.14989;1.88281;0.99776
370;0.32838;0.24103;0.19324;0.1657;0.1481;1.88193;0.99043
371;0.32506;0.2388;0.19089;0.1636;0.14601;1.86029;0.98329
372;0.32162;0.23602;0.18855;0.16154;0.1441;1.8437;0.97456
373;0.3181;0.23299;0.18604;0.15938;0.14226;1.82687;0.96638
374;0.31441;0.23021;0.1835;0.1571;0.14037;1.81229;0.95911
375;0.31107;0.22748;0.18134;0.15518;0.13818;1.80316;0.9528
376;0.30817;0.22473;0.17905;0.15332;0.13686;1.79079;0.94476
377;0.30455;0.22206;0.1768;0.15118;0.13467;1.77588;0.93716
378;0.30179;0.21979;0.175;0.14932;0.13319;1.76547;0.93059
379;0.29883;0.21761;0.17285;0.14751;0.13144;1.75253;0.9231
380;0.29611;0.21539;0.1712;0.14609;0.1301;1.73564;0.91699
381;0.29338;0.21347;0.16933;0.14433;0.12863;1.71852;0.91093
382;0.29059;0.21094;0.16742;0.14275;0.1272;1.70314;0.90465
383;0.28746;0.2085;0.16557;0.14101;0.12546;1.69322;0.89792
384;0.28508;0.2067;0.16391;0.13962;0.12439;1.6857;0.89095
385;0.28244;0.20461;0.1622;0.13812;0.12285;1.67157;0.88461
386;0.27997;0.20251;0.16046;0.13673;0.12155;1.661;0.87881
387;0.27721;0.20065;0.15855;0.13513;0.12029;1.64799;0.8726
388;0.27469;0.19853;0.15677;0.13354;0.1188;1.63641;0.86682
389;0.27232;0.19658;0.15524;0.13202;0.11743;1.62424;0.86075
390;0.26973;0.19444;0.15331;0.13045;0.11583;1.61209;0.85454
391;0.26724;0.19257;0.1516;0.12895;0.11469;1.59932;0.84886
392;0.26508;0.19075;0.15012;0.1277;0.11343;1.58612;0.84331
393;0.26271;0.18884;0.14862;0.1264;0.1122;1.57697;0.8378
394;0.26019;0.18694;0.14699;0.12491;0.11095;1.56526;0.83212
395;0.25783;0.18509;0.14551;0.12369;0.10963;1.55188;0.82639
396;0.25572;0.18332;0.144;0.12227;0.10852;1.54205;0.82056
397;0.25343;0.18158;0.14246;0.12086;0.10727;1.53058;0.81554
398;0.25108;0.17979;0.14081;0.11949;0.10602;1.51955;0.80965
399;0.25316;0.18213;0.1434;0.12241;0.10896;1.51266;0.80885
400;0.2738;0.2028;0.16449;0.14348;0.13022;1.52538;0.82602
401;0.27557;0.20482;0.16682;0.146;0.13286;1.51813;0.82446
402;0.27342;0.20314;0.16544;0.14468;0.13174;1.50684;0.81903
403;0.27126;0.20149;0.16409;0.14345;0.13051;1.49709;0.8136
404;0.269;0.19977;0.1626;0.14211;0.12932;1.48471;0.80876
405;0.26682;0.19786;0.161;0.14072;0.12793;1.47514;0.8031
406;0.26459;0.19621;0.15956;0.13948;0.12685;1.46506;0.79805
407;0.26253;0.19444;0.15811;0.13803;0.12567;1.45287;0.79274
408;0.26038;0.19276;0.15675;0.13666;0.12448;1.44121;0.78763
409;0.25838;0.19125;0.1553;0.13556;0.12335;1.43257;0.78256
410;0.25626;0.18951;0.15384;0.13428;0.12216;1.42268;0.7778
411;0.25403;0.18787;0.15254;0.13313;0.12108;1.4117;0.77266
412;0.25192;0.18628;0.15115;0.13187;0.12;1.40286;0.76784
413;0.25017;0.1848;0.14986;0.13081;0.11888;1.39305;0.76299
414;0.24832;0.18327;0.14861;0.12961;0.11783;1.3826;0.75876
415;0.24625;0.18173;0.14725;0.12836;0.11671;1.37274;0.75386
416;0.24458;0.18025;0.14604;0.12737;0.11571;1.36395;0.74921
417;0.24257;0.17865;0.14473;0.12621;0.11465;1.35365;0.74425
418;0.2408;0.17714;0.14351;0.12509;0.11378;1.34526;0.73967
419;0.23901;0.17589;0.14244;0.12407;0.11281;1.33607;0.73546
420;0.23718;0.1745;0.14127;0.12302;0.11182;1.32625;0.73117
421;0.23544;0.17302;0.13998;0.12196;0.11084;1.31682;0.72679
422;0.23364;0.17168;0.13876;0.12083;0.10983;1.30867;0.72226
423;0.23198;0.17033;0.13763;0.11993;0.10892;1.29951;0.7179
424;0.23029;0.16898;0.13651;0.11879;0.108;1.29022;0.7137
425;0.22845;0.16751;0.13528;0.11778;0.10698;1.28151;0.70924
426;0.22676;0.16621;0.13417;0.11687;0.10606;1.27278;0.70485
427;0.2252;0.16501;0.1331;0.11581;0.10529;1.26477;0.70081
428;0.22365;0.16382;0.13216;0.11491;0.10446;1.25656;0.69691
429;0.22208;0.16252;0.13112;0.114;0.10359;1.24782;0.69275
430;0.22046;0.16132;0.13005;0.11302;0.10268;1.239;0.68883
431;0.21886;0.16008;0.12894;0.11205;0.10173;1.23047;0.68477
432;0.21732;0.15884;0.12796;0.11115;0.10095;1.22247;0.68094
433;0.21582;0.15758;0.12683;0.11032;0.10001;1.21437;0.6768
434;0.2142;0.15639;0.12582;0.10936;0.09923;1.20647;0.67265
435;0.21274;0.15518;0.12488;0.10857;0.0985;1.19817;0.66876
436;0.21114;0.15405;0.12387;0.10767;0.09761;1.19037;0.66481
437;0.20973;0.15295;0.12297;0.10677;0.09686;1.18279;0.66104
438;0.20828;0.15186;0.12199;0.10596;0.09612;1.17467;0.65741
439;0.20688;0.15065;0.12102;0.10507;0.09525;1.16716;0.65364
440;0.20537;0.14941;0.12004;0.10419;0.09448;1.15897;0.64957
441;0.20407;0.14839;0.1192;0.10338;0.09372;1.15189;0.64603
442;0.20277;0.14738;0.1183;0.10258;0.09305;1.14424;0.64256
443;0.2014;0.14629;0.11732;0.10181;0.09229;1.13704;0.63895
444;0.19994;0.14519;0.11636;0.10101;0.09154;1.12935;0.63533
445;0.19859;0.14421;0.11559;0.10028;0.09084;1.12225;0.63185
446;0.19733;0.14328;0.11475;0.09955;0.09013;1.11526;0.62831
447;0.19594;0.14218;0.11382;0.09874;0.08945;1.10757;0.62454
448;0.19466;0.14113;0.11304;0.0979;0.08875;1.10072;0.62114
449;0.19342;0.14012;0.11211;0.09708;0.08795;1.09377;0.61777
450;0.19214;0.13911;0.11125;0.09637;0.08728;1.08693;0.61424
451;0.19092;0.13815;0.11052;0.09575;0.08665;1.07999;0.61086
452;0.18976;0.13716;0.10966;0.09497;0.086;1.07312;0.60753
453;0.18845;0.13615;0.10878;0.09422;0.08528;1.06604;0.60419
454;0.18721;0.1353;0.10808;0.09361;0.08475;1.05925;0.60091
455;0.18594;0.13431;0.1073;0.0929;0.08408;1.0522;0.5976
456;0.18471;0.13339;0.10652;0.09216;0.08344;1.04547;0.59416
457;0.18341;0.13242;0.10562;0.09138;0.08269;1.03848;0.59068
458;0.18222;0.13152;0.1048;0.09067;0.08205;1.03169;0.58727
459;0.18106;0.13066;0.10408;0.0901;0.08154;1.02531;0.58408
460;0.17996;0.12971;0.10333;0.08949;0.08089;1.01901;0.58102
461;0.17883;0.12888;0.10263;0.08881;0.08032;1.01254;0.57784
462;0.17763;0.12801;0.10184;0.08809;0.07968;1.00595;0.57458
463;0.17648;0.12706;0.1011;0.08745;0.0791;0.9994;0.57146
464;0.17534;0.12624;0.10037;0.08684;0.07851;0.99306;0.56836
465;0.1743;0.12544;0.09975;0.08618;0.07791;0.98703;0.56532
466;0.17322;0.12453;0.099;0.08551;0.0773;0.98062;0.56221
467;0.17209;0.12375;0.09834;0.08492;0.07677;0.97449;0.55922
468;0.17111;0.12291;0.09764;0.08432;0.0762;0.96852;0.55624
469;0.1701;0.1221;0.09697;0.08379;0.07564;0.96265;0.55325
470;0.16905;0.12138;0.09636;0.08324;0.07515;0.95673;0.55034
471;0.16805;0.12054;0.09572;0.08267;0.07458;0.95079;0.54738
472;0.16692;0.11963;0.09491;0.08199;0.07401;0.94466;0.54443
473;0.16586;0.11891;0.09427;0.08133;0.07347;0.93863;0.54156
474;0.16484;0.11812;0.0936;0.08078;0.07289;0.93294;0.53873
475;0.16385;0.11737;0.093;0.08018;0.07236;0.92728;0.53586
476;0.1628;0.11656;0.09229;0.07964;0.07181;0.92125;0.53294
477;0.16182;0.11578;0.09163;0.07907;0.07126;0.91565;0.53017
478;0.16084;0.11507;0.09102;0.07858;0.07083;0.9101;0.52742
479;0.15991;0.11436;0.09044;0.078;0.07037;0.9045;0.52467
480;0.15892;0.11366;0.08983;0.07745;0.06984;0.89882;0.52194
481;0.15799;0.1129;0.08919;0.07695;0.06934;0.89359;0.51924
482;0.15698;0.11217;0.08859;0.07634;0.06885;0.88782;0.51649
483;0.15607;0.11148;0.08797;0.07581;0.06834;0.88231;0.51381
484;0.15512;0.11075;0.08734;0.0753;0.06786;0.87688;0.51111
485;0.15419;0.11009;0.08676;0.07477;0.06741;0.87158;0.50841
486;0.15329;0.10938;0.08618;0.07425;0.06693;0.86639;0.5058
487;0.15237;0.10872;0.08562;0.07378;0.06648;0.86116;0.50319
488;0.15152;0.10815;0.08516;0.07339;0.06613;0.85602;0.50075
489;0.15067;0.10748;0.08461;0.07292;0.06567;0.85083;0.49821
490;0.1499;0.10692;0.08408;0.07243;0.0652;0.84561;0.49579
491;0.14917;0.10632;0.0836;0.07201;0.06482;0.84064;0.49339
492;0.14842;0.10573;0.08311;0.07161;0.06448;0.83565;0.49094
493;0.14754;0.10503;0.08258;0.07104;0.06395;0.83067;0.48833
494;0.1467;0.1044;0.08203;0.07059;0.06358;0.82573;0.48581
495;0.14592;0.10379;0.08154;0.07019;0.06316;0.82086;0.48334
496;0.14516;0.10318;0.08101;0.06972;0.06271;0.8158;0.48083
497;0.14441;0.10258;0.08058;0.06927;0.06232;0.81099;0.47852
498;0.1436;0.10201;0.08009;0.06883;0.06195;0.80624;0.47621
499;0.14279;0.10146;0.07961;0.06841;0.06158;0.80133;0.47377
500;0.14206;0.10078;0.07909;0.06795;0.06114;0.79649;0.47133
501;0.1413;0.1002;0.07861;0.06754;0.06073;0.79176;0.46896
502;0.1405;0.09962;0.07814;0.06709;0.06032;0.78716;0.46663
503;0.13974;0.09908;0.0777;0.06668;0.05997;0.78235;0.46428
504;0.13895;0.09848;0.07719;0.06627;0.05957;0.77763;0.46198
505;0.13817;0.09787;0.07668;0.06578;0.05914;0.77283;0.45946
506;0.13747;0.09731;0.07619;0.06535;0.05878;0.76811;0.45712
507;0.13669;0.09673;0.07561;0.0649;0.05833;0.76338;0.45482
508;0.13602;0.09618;0.07521;0.06447;0.05797;0.75887;0.45256
509;0.13535;0.09564;0.07475;0.06413;0.05759;0.75438;0.45035
510;0.13457;0.09508;0.07431;0.06372;0.05719;0.74977;0.44797
511;0.13376;0.09448;0.07384;0.06331;0.05688;0.74513;0.44569
512;0.13304;0.09399;0.07343;0.06297;0.05658;0.7408;0.44357
513;0.13229;0.09341;0.07297;0.06255;0.05617;0.73643;0.44135
514;0.13165;0.0929;0.07259;0.06216;0.05582;0.73213;0.43925
515;0.13101;0.09239;0.07213;0.0618;0.0555;0.72781;0.4371
516;0.13031;0.09187;0.07173;0.06143;0.05518;0.72346;0.435
517;0.12965;0.09131;0.07124;0.061;0.05478;0.71925;0.43283
518;0.12898;0.09081;0.0708;0.06062;0.05443;0.71504;0.43071
519;0.1283;0.0903;0.07042;0.06027;0.05409;0.71095;0.42863
520;0.12767;0.08992;0.07007;0.06;0.05382;0.70703;0.42665
521;0.12701;0.08942;0.06969;0.05965;0.05353;0.70293;0.42465
522;0.12633;0.08891;0.06921;0.05925;0.05318;0.69875;0.42256
523;0.1257;0.08841;0.06877;0.05882;0.05284;0.69453;0.42046
524;0.12509;0.08789;0.06837;0.0585;0.05254;0.69052;0.4185
525;0.1244;0.08749;0.06802;0.05821;0.05226;0.68648;0.4165
526;0.12381;0.08707;0.06766;0.05788;0.0519;0.68266;0.41455
527;0.12321;0.08658;0.06723;0.05754;0.05154;0.67871;0.41254
528;0.12254;0.08604;0.0668;0.05719;0.05125;0.67464;0.41054
529;0.12198;0.08562;0.06645;0.05687;0.05101;0.67081;0.40855
530;0.12141;0.08517;0.06612;0.05658;0.05074;0.66701;0.40668
531;0.12085;0.08473;0.0658;0.05626;0.05042;0.66315;0.40475
532;0.12022;0.08432;0.06546;0.05588;0.05013;0.65927;0.40289
533;0.11957;0.08389;0.06503;0.0556;0.0498;0.65546;0.40099
534;0.11897;0.08339;0.06462;0.05527;0.04948;0.65164;0.39906
535;0.11836;0.08296;0.0643;0.05496;0.04918;0.64795;0.3972
536;0.11772;0.08238;0.06386;0.05453;0.04878;0.644;0.39519
537;0.1172;0.08203;0.06352;0.05424;0.04852;0.64008;0.3932
538;0.11662;0.08163;0.06317;0.05392;0.04826;0.63634;0.39142
539;0.11604;0.08119;0.06285;0.05359;0.04797;0.63277;0.3896
540;0.11555;0.0808;0.06248;0.05327;0.04768;0.62929;0.3878
541;0.11496;0.0804;0.06219;0.05298;0.04745;0.62567;0.38603
542;0.11447;0.07999;0.06184;0.0527;0.04718;0.62212;0.38426
543;0.114;0.07956;0.06149;0.05241;0.04691;0.6187;0.38251
544;0.11346;0.07927;0.06128;0.05222;0.04668;0.61528;0.38084
545;0.1129;0.07877;0.06093;0.05191;0.04643;0.61182;0.37903
546;0.11237;0.07841;0.06056;0.05161;0.04619;0.60844;0.37732
547;0.11182;0.07809;0.0603;0.05139;0.04594;0.60513;0.37572
548;0.11127;0.07765;0.05995;0.05104;0.04562;0.6017;0.37395
549;0.11087;0.07727;0.05968;0.05078;0.04543;0.5984;0.37227
550;0.11031;0.07686;0.05928;0.0504;0.04509;0.59502;0.3705
551;0.10982;0.07651;0.05902;0.05016;0.04488;0.59166;0.36885
552;0.10927;0.07613;0.05873;0.04991;0.04465;0.58839;0.3672
553;0.10876;0.07574;0.05841;0.04964;0.04439;0.58501;0.36548
554;0.10822;0.07539;0.05814;0.04941;0.04416;0.5817;0.36386
555;0.10779;0.07507;0.05779;0.04916;0.0439;0.5782;0.36208
556;0.10728;0.07471;0.05751;0.04892;0.04369;0.575;0.36043
557;0.10683;0.07434;0.05725;0.04866;0.04349;0.57181;0.35884
558;0.10634;0.07404;0.05695;0.04843;0.04327;0.56856;0.35721
559;0.1059;0.07372;0.05667;0.04819;0.04306;0.56546;0.35562
560;0.10535;0.07326;0.05635;0.04788;0.04279;0.56207;0.35393
561;0.10487;0.07298;0.05609;0.04764;0.04257;0.55898;0.35233
562;0.10443;0.07265;0.05586;0.04741;0.04236;0.55592;0.3508
563;0.104;0.07231;0.05554;0.0472;0.04218;0.55286;0.34929
564;0.10352;0.07198;0.05528;0.04692;0.04193;0.54976;0.34778
565;0.10303;0.07162;0.05498;0.04663;0.04167;0.54675;0.34615
566;0.10254;0.07129;0.05472;0.04642;0.04146;0.54381;0.34462
567;0.10211;0.07101;0.05447;0.04622;0.04129;0.54076;0.34311
568;0.10175;0.07071;0.05426;0.04599;0.04111;0.53787;0.34169
569;0.10132;0.07042;0.05403;0.04582;0.04089;0.53497;0.34021
570;0.10091;0.07005;0.05373;0.04555;0.04065;0.532;0.33868
571;0.10042;0.0697;0.05342;0.0453;0.04044;0.52904;0.33717
572;0.09993;0.06938;0.05313;0.04506;0.04022;0.52623;0.33568
573;0.09959;0.06914;0.05293;0.04485;0.04004;0.52332;0.3342
574;0.09917;0.06888;0.05269;0.0446;0.03983;0.52042;0.33275
575;0.09869;0.06847;0.0524;0.04437;0.03958;0.51753;0.33125
576;0.09822;0.06807;0.05208;0.04407;0.03935;0.5146;0.32973
577;0.09787;0.06776;0.05183;0.0439;0.0392;0.51183;0.32831
578;0.0974;0.06749;0.05167;0.04373;0.03902;0.50914;0.32692
579;0.09697;0.06729;0.05144;0.04359;0.03888;0.50641;0.32562
580;0.09659;0.067;0.05119;0.0433;0.03868;0.50365;0.32419
581;0.09624;0.06671;0.05098;0.04306;0.03847;0.50093;0.32277
582;0.09583;0.06642;0.0507;0.04292;0.03828;0.49817;0.3214
583;0.09549;0.06613;0.05048;0.04274;0.03812;0.49547;0.32001
584;0.09508;0.0658;0.05016;0.04243;0.03787;0.49275;0.31859
585;0.0947;0.06551;0.04997;0.0423;0.03773;0.49019;0.31721
586;0.09428;0.06522;0.04974;0.04207;0.03755;0.48749;0.31581
587;0.09387;0.06499;0.04953;0.04189;0.03737;0.48492;0.31454
588;0.09349;0.06471;0.04935;0.04169;0.03716;0.48233;0.31319
589;0.09314;0.06441;0.04912;0.04144;0.03694;0.47969;0.31184
590;0.09273;0.06409;0.04887;0.04118;0.03673;0.47704;0.31049
591;0.09232;0.06383;0.04863;0.04108;0.03662;0.47458;0.30922
592;0.09195;0.06357;0.04837;0.04085;0.03638;0.47195;0.30783
593;0.09164;0.06334;0.04822;0.0407;0.0363;0.4695;0.30663
594;0.09125;0.06306;0.04799;0.04054;0.03613;0.46706;0.30531
595;0.09093;0.06285;0.04782;0.04036;0.03601;0.46465;0.30408
596;0.09058;0.06256;0.04758;0.04016;0.03578;0.46216;0.30276
597;0.09021;0.06226;0.04735;0.03995;0.03561;0.45967;0.3015
598;0.08986;0.06198;0.04707;0.0397;0.03537;0.45717;0.3002
599;0.08949;0.06175;0.04689;0.03957;0.0352;0.45474;0.29892
600;0.08908;0.06146;0.04665;0.03934;0.03506;0.45227;0.29758
601;0.08879;0.0612;0.04646;0.03917;0.03494;0.4498;0.29636
602;0.08846;0.061;0.0463;0.03902;0.03477;0.44743;0.29512
603;0.08809;0.06079;0.0461;0.0388;0.03464;0.44499;0.29378
604;0.08771;0.06049;0.04585;0.0386;0.03442;0.44258;0.2925
605;0.0874;0.06021;0.04565;0.03847;0.0343;0.44023;0.29137
606;0.0871;0.05994;0.04549;0.0383;0.03413;0.43785;0.29016
607;0.08669;0.05977;0.04529;0.03818;0.03401;0.43556;0.289
608;0.08636;0.05957;0.04517;0.03802;0.03386;0.43326;0.28781
609;0.086;0.05927;0.04494;0.03777;0.03365;0.43083;0.2865
610;0.08566;0.05902;0.04474;0.03755;0.03349;0.42865;0.28528
611;0.08545;0.05878;0.04456;0.03737;0.03329;0.42647;0.28409
612;0.08508;0.05852;0.0443;0.03719;0.03314;0.42421;0.2829
613;0.08478;0.05826;0.04404;0.03702;0.03299;0.42191;0.28171
614;0.08443;0.05806;0.04393;0.03691;0.03284;0.41965;0.28058
615;0.08406;0.05783;0.04372;0.03673;0.03264;0.41743;0.27946
616;0.08377;0.05763;0.04355;0.03658;0.03255;0.41524;0.27834
617;0.08351;0.05745;0.04343;0.03644;0.03246;0.41313;0.27724
618;0.08325;0.05725;0.04321;0.03632;0.03238;0.41107;0.27614
619;0.0829;0.05699;0.04309;0.03613;0.03224;0.40898;0.27498
620;0.08257;0.05681;0.04291;0.03595;0.03207;0.40689;0.27385
621;0.08235;0.05664;0.04276;0.03587;0.03197;0.4048;0.27281
622;0.08199;0.05635;0.04256;0.03568;0.03177;0.40259;0.27168
623;0.08163;0.05612;0.04233;0.03546;0.0316;0.40051;0.27061
624;0.08133;0.05589;0.04214;0.03528;0.03146;0.39842;0.26952
625;0.0811;0.05569;0.04202;0.03516;0.03136;0.39639;0.26839
626;0.08084;0.0555;0.04182;0.03503;0.03123;0.39439;0.26729
627;0.08058;0.05534;0.0417;0.03497;0.03113;0.39238;0.26625
628;0.08029;0.05516;0.04158;0.03481;0.03101;0.39041;0.26521
629;0.07999;0.05495;0.04141;0.03468;0.0309;0.38844;0.26416
630;0.07967;0.0547;0.04118;0.0345;0.03067;0.38638;0.26305
631;0.07938;0.05446;0.041;0.0343;0.03056;0.38437;0.26199
632;0.0791;0.05426;0.04085;0.03419;0.03046;0.38243;0.26094
633;0.07886;0.05408;0.04073;0.03407;0.03033;0.38051;0.25992
634;0.07861;0.05388;0.04056;0.03391;0.03024;0.37859;0.25891
635;0.07832;0.05363;0.04041;0.03378;0.03012;0.37668;0.25786
636;0.07794;0.05339;0.04013;0.03355;0.02991;0.37471;0.25676
637;0.07756;0.05315;0.03992;0.03333;0.02969;0.37268;0.25563
638;0.07719;0.05293;0.03973;0.03317;0.02951;0.37085;0.25462
639;0.07681;0.05272;0.03951;0.03299;0.02936;0.36894;0.2536
640;0.07657;0.05258;0.03938;0.0329;0.02924;0.36711;0.25261
641;0.07625;0.05241;0.03926;0.03278;0.02914;0.36534;0.25166
642;0.07596;0.05222;0.03905;0.03262;0.02902;0.3636;0.25066
643;0.07556;0.05197;0.03882;0.03241;0.02884;0.36174;0.24962
644;0.07538;0.0519;0.03871;0.03236;0.02879;0.36005;0.24873
645;0.07516;0.05177;0.03865;0.03227;0.02876;0.35829;0.2478
646;0.07495;0.05167;0.03851;0.0322;0.0287;0.3566;0.24687
647;0.0748;0.05153;0.03841;0.03214;0.02861;0.35483;0.24602
648;0.07462;0.05144;0.03835;0.03207;0.02856;0.3531;0.24515
649;0.07445;0.05133;0.0383;0.03198;0.02849;0.35146;0.24422
650;0.07426;0.05112;0.0381;0.03185;0.0284;0.34962;0.24323
651;0.07401;0.0509;0.03796;0.03171;0.02824;0.34784;0.24226
652;0.07376;0.05074;0.03786;0.03162;0.02815;0.34615;0.24135
653;0.07349;0.05058;0.0377;0.03148;0.02803;0.34439;0.24037
654;0.07326;0.05037;0.0376;0.03139;0.02797;0.34261;0.23946
655;0.07301;0.05014;0.03746;0.03122;0.02783;0.34087;0.23857
656;0.0728;0.04999;0.03728;0.03105;0.02769;0.33911;0.23759
657;0.07259;0.0498;0.03716;0.03096;0.02757;0.3374;0.23665
658;0.07243;0.04962;0.03703;0.03087;0.0275;0.3358;0.23578
659;0.07214;0.04938;0.03683;0.03067;0.02734;0.33411;0.2348
660;0.07188;0.04921;0.0367;0.03056;0.02722;0.3324;0.23392
661;0.07167;0.04906;0.03661;0.03046;0.02715;0.3308;0.23311
662;0.07146;0.04887;0.03642;0.03032;0.02701;0.32912;0.23212
663;0.07126;0.04874;0.03636;0.03021;0.02695;0.32751;0.23131
664;0.07092;0.04851;0.03615;0.03003;0.02675;0.32585;0.23032
665;0.07074;0.04834;0.03603;0.02992;0.02667;0.32428;0.22946
666;0.07062;0.04828;0.036;0.02989;0.02666;0.32278;0.2287
667;0.07034;0.0481;0.03587;0.02979;0.02654;0.32126;0.22781
668;0.07008;0.0479;0.03571;0.02965;0.0264;0.31966;0.2269
669;0.06981;0.04771;0.03558;0.0295;0.02628;0.31813;0.22604
670;0.0696;0.04756;0.03546;0.02943;0.02625;0.31654;0.22522
671;0.06941;0.04741;0.03537;0.02931;0.02614;0.31494;0.22437
672;0.06915;0.04716;0.03514;0.02913;0.02596;0.31331;0.22345
673;0.06895;0.04707;0.03505;0.02908;0.02583;0.31181;0.22263
674;0.06874;0.04688;0.03488;0.0289;0.02574;0.31026;0.22177
675;0.06853;0.04669;0.03476;0.02875;0.02565;0.30873;0.22092
676;0.06827;0.04665;0.03471;0.02869;0.02556;0.30731;0.22017
677;0.06808;0.04643;0.03458;0.02858;0.02544;0.30577;0.21931
678;0.06792;0.04626;0.03442;0.02847;0.02541;0.30429;0.21851
679;0.0677;0.04611;0.03436;0.02841;0.02534;0.30284;0.21773
680;0.06743;0.04588;0.03418;0.02826;0.02516;0.30128;0.21687
681;0.06726;0.04585;0.03419;0.02824;0.02518;0.29988;0.21614
682;0.067;0.04564;0.03397;0.02811;0.02496;0.29836;0.21527
683;0.0668;0.04552;0.03387;0.028;0.0249;0.29697;0.21445
684;0.06668;0.04544;0.03378;0.02789;0.02489;0.29556;0.2137
685;0.06644;0.04523;0.03362;0.02779;0.02473;0.29407;0.21289
686;0.06622;0.04512;0.03352;0.02771;0.02464;0.29265;0.21216
687;0.06601;0.04495;0.03339;0.02756;0.02454;0.29123;0.21133
688;0.06587;0.04483;0.03334;0.02754;0.02451;0.2899;0.21066
689;0.06564;0.04472;0.0332;0.02747;0.02444;0.28857;0.20988
690;0.06546;0.04454;0.03304;0.02733;0.02431;0.28703;0.20908
691;0.06528;0.04439;0.03296;0.02725;0.02422;0.28568;0.20828
692;0.06508;0.04427;0.03287;0.02715;0.02417;0.28438;0.20755
693;0.06493;0.04413;0.03276;0.02702;0.02405;0.28296;0.20679
694;0.06476;0.04402;0.03264;0.02693;0.02399;0.28162;0.20605
695;0.06451;0.04388;0.03258;0.02695;0.02394;0.28024;0.20532
696;0.06427;0.04366;0.03238;0.02669;0.02373;0.2787;0.20447
697;0.06413;0.04352;0.03229;0.02661;0.02367;0.27728;0.20369
698;0.06389;0.04337;0.0322;0.02655;0.02361;0.27592;0.20296
699;0.06364;0.04324;0.03207;0.02641;0.02351;0.27457;0.20219
700;0.06001;0.03973;0.02858;0.02286;0.02005;0.26982;0.19807
701;0.04129;0.02118;0.01009;0.00441;0.00153;0.25006;0.17892
702;0.03758;0.01755;0.00645;0.0009;-0.00203;0.24522;0.1747
703;0.03735;0.0174;0.00632;0.00076;-0.00215;0.24384;0.1739
704;0.03717;0.01729;0.00621;0.00066;-0.00218;0.24255;0.17322
705;0.037;0.01714;0.00609;0.00053;-0.00229;0.24126;0.17249
706;0.03677;0.017;0.00603;0.00044;-0.0024;0.24001;0.1718
707;0.03664;0.01691;0.00592;0.0004;-0.00238;0.23872;0.1711
708;0.03647;0.01677;0.00581;0.00031;-0.00253;0.23746;0.17043
709;0.03622;0.0166;0.00566;0.00023;-0.00267;0.23618;0.16969
710;0.036;0.01643;0.00549;0.00012;-0.00273;0.23489;0.16891
711;0.03577;0.01628;0.00543;-0.00002;-0.00287;0.23364;0.16821
712;0.0356;0.0161;0.00526;-0.00017;-0.00299;0.23239;0.16751
713;0.0354;0.01595;0.0051;-0.00037;-0.0031;0.23114;0.16678
714;0.03511;0.01576;0.00496;-0.0005;-0.00327;0.22983;0.16603
715;0.03497;0.01566;0.00488;-0.00063;-0.00336;0.22867;0.16534
716;0.03471;0.0154;0.00465;-0.00079;-0.00351;0.22739;0.16452
717;0.03442;0.01521;0.00447;-0.00098;-0.00369;0.22612;0.16376
718;0.03416;0.01495;0.00427;-0.00119;-0.00388;0.22476;0.16298
719;0.03389;0.01477;0.00404;-0.00145;-0.00401;0.2235;0.16222
720;0.03354;0.01447;0.0038;-0.00171;-0.00423;0.22217;0.16139
721;0.03319;0.0141;0.00352;-0.00197;-0.00452;0.22079;0.16057
722;0.03282;0.01389;0.0033;-0.00217;-0.00476;0.21948;0.15976
723;0.03268;0.01376;0.00322;-0.0022;-0.00479;0.21835;0.15909
724;0.03284;0.01393;0.00342;-0.00203;-0.00459;0.21747;0.15872
725;0.03299;0.01413;0.00365;-0.00183;-0.00435;0.21664;0.15845
726;0.03308;0.01427;0.00377;-0.00166;-0.00417;0.21577;0.15804
727;0.03304;0.01428;0.0038;-0.0016;-0.00415;0.21466;0.15747
728;0.03293;0.01424;0.0038;-0.00159;-0.00409;0.21359;0.15692
729;0.03284;0.01418;0.00378;-0.00163;-0.00409;0.21252;0.15636
730;0.03267;0.01402;0.00363;-0.00174;-0.00424;0.21141;0.15572
731;0.03246;0.01389;0.00357;-0.0018;-0.00433;0.21033;0.15508
732;0.03232;0.01376;0.00346;-0.00189;-0.00441;0.20923;0.15442
733;0.03215;0.01363;0.00339;-0.00204;-0.00453;0.20805;0.15381
734;0.03192;0.01344;0.00319;-0.0022;-0.00464;0.20695;0.15318
735;0.03172;0.01329;0.00304;-0.00233;-0.00476;0.20583;0.15253
736;0.03149;0.01308;0.00288;-0.00247;-0.00493;0.2047;0.15184
737;0.03123;0.01292;0.00272;-0.00259;-0.00508;0.20354;0.15117
738;0.03105;0.01276;0.00261;-0.00273;-0.00517;0.20247;0.15053
739;0.03094;0.01271;0.00255;-0.00276;-0.00522;0.20143;0.1499
740;0.03072;0.01257;0.00237;-0.00287;-0.00533;0.20033;0.14925
741;0.03052;0.01241;0.00226;-0.00299;-0.00542;0.19925;0.14864
742;0.03038;0.01228;0.00221;-0.00308;-0.00548;0.19821;0.14803
743;0.03023;0.01213;0.00212;-0.00313;-0.00555;0.19716;0.1474
744;0.03012;0.01207;0.00209;-0.00317;-0.00558;0.19609;0.14684
745;0.03009;0.0121;0.0022;-0.00308;-0.00548;0.19522;0.14639
746;0.02998;0.01205;0.00214;-0.00314;-0.00548;0.19426;0.14584
747;0.02986;0.01198;0.00201;-0.0032;-0.00552;0.1933;0.14526
748;0.02983;0.01196;0.00206;-0.00314;-0.00552;0.19238;0.14479
749;0.02972;0.0119;0.002;-0.00325;-0.0056;0.1913;0.14418
750;0.02957;0.01184;0.00195;-0.00331;-0.0056;0.19035;0.14362
751;0.02945;0.01175;0.00191;-0.00331;-0.00562;0.18941;0.14307
752;0.02934;0.01166;0.00191;-0.00334;-0.00565;0.18851;0.14258
753;0.02922;0.01161;0.00185;-0.00337;-0.00571;0.18753;0.14204
754;0.02914;0.01157;0.00182;-0.0034;-0.00572;0.18658;0.14149
755;0.02893;0.0114;0.00168;-0.00352;-0.00581;0.18562;0.14084
756;0.02879;0.01131;0.0016;-0.00362;-0.00587;0.18465;0.14029
757;0.02867;0.01122;0.00148;-0.00366;-0.00595;0.18365;0.13974
758;0.02852;0.01111;0.00143;-0.00372;-0.00594;0.18274;0.13921
759;0.0284;0.01102;0.00139;-0.00378;-0.00606;0.18187;0.13869
760;0.02823;0.01091;0.00124;-0.00392;-0.00618;0.18091;0.13805
761;0.02795;0.01074;0.00102;-0.00412;-0.00638;0.17987;0.13734
762;0.02783;0.01067;0.00101;-0.00418;-0.00642;0.17892;0.1368
763;0.02776;0.01059;0.00095;-0.00423;-0.00645;0.17804;0.13629
764;0.0276;0.01048;0.00081;-0.00429;-0.00652;0.17712;0.13574
765;0.02745;0.01035;0.00075;-0.00433;-0.00661;0.17622;0.13518
766;0.02733;0.01028;0.00069;-0.00438;-0.00661;0.17532;0.13466
767;0.02724;0.01019;0.00061;-0.00447;-0.00671;0.17444;0.13408
768;0.02718;0.01012;0.0005;-0.00453;-0.00681;0.17354;0.13356
769;0.02704;0.00999;0.00044;-0.00465;-0.00682;0.17264;0.13301
770;0.02695;0.00993;0.0004;-0.00465;-0.00688;0.17178;0.13251
771;0.02678;0.00978;0.00034;-0.00473;-0.00694;0.1709;0.13196
772;0.0266;0.00963;0.00024;-0.00482;-0.00702;0.17004;0.13145
773;0.02641;0.00961;0.00018;-0.00484;-0.00703;0.16917;0.13092
774;0.02632;0.00958;0.00015;-0.0049;-0.00702;0.16841;0.13046
775;0.02612;0.00946;0.00009;-0.00502;-0.00717;0.16751;0.12988
776;0.02602;0.00941;0.00003;-0.00505;-0.00717;0.16666;0.12938
777;0.02589;0.00934;-0.00005;-0.00507;-0.0072;0.16586;0.12888
778;0.02576;0.00925;-0.00018;-0.00516;-0.00726;0.16502;0.12839
779;0.02559;0.00914;-0.00021;-0.00522;-0.00737;0.16417;0.12788
780;0.02547;0.00905;-0.00029;-0.00525;-0.00739;0.16339;0.12737
781;0.02538;0.00891;-0.00034;-0.00533;-0.00746;0.16255;0.12688
782;0.0253;0.00885;-0.00043;-0.0054;-0.00752;0.1617;0.12639
783;0.02516;0.00877;-0.00049;-0.00546;-0.00758;0.16093;0.12587
784;0.02499;0.00867;-0.00053;-0.00555;-0.00764;0.16008;0.12538
785;0.0249;0.00856;-0.00058;-0.00557;-0.00766;0.15932;0.12488
786;0.0247;0.00841;-0.00069;-0.00566;-0.00774;0.15849;0.12437
787;0.0246;0.00839;-0.00072;-0.00566;-0.00775;0.1577;0.12393
788;0.02446;0.00835;-0.00079;-0.00568;-0.0078;0.15691;0.12343
789;0.02432;0.00816;-0.0009;-0.0058;-0.00784;0.15607;0.12286
790;0.02417;0.00801;-0.00101;-0.00594;-0.00801;0.15515;0.12233
791;0.02403;0.0079;-0.00114;-0.00607;-0.00807;0.15431;0.12177
792;0.02379;0.00777;-0.00128;-0.0062;-0.00821;0.15352;0.1212
793;0.02359;0.0076;-0.00142;-0.00629;-0.00836;0.15257;0.12064
794;0.02341;0.00749;-0.00151;-0.00638;-0.00842;0.15179;0.12009
795;0.02322;0.00735;-0.00166;-0.00652;-0.00853;0.15102;0.11957
796;0.02303;0.00716;-0.0018;-0.00667;-0.00867;0.15013;0.11902
797;0.02278;0.00693;-0.00198;-0.00687;-0.00882;0.14923;0.11844
798;0.02252;0.00664;-0.00223;-0.0071;-0.00905;0.14833;0.1178
799;0.02222;0.00644;-0.00246;-0.00728;-0.00931;0.14742;0.11722
800;0.02177;0.00607;-0.00284;-0.00766;-0.0097;0.14658;0.11655
